Time,ID,LAT,LON,ALT,Number of similar WiFis,SSID,Mac,Frequncy
2017-12-03 09:01:13,model=Lenovo PB2-690Y_device=PB2PRO,32.10344907131182,35.20923973447798,708.5804377769539,2, ,00:02:6f:8e:64:67,1
2017-12-03 08:41:07,model=SM-G950F_device=dreamlte,32.10398682674761,35.208972184356085,702.3784600290483,2, ,00:02:6f:b8:c4:1a,11
2017-12-03 08:39:10,model=SM-G950F_device=dreamlte,32.106089276564596,35.21106968179408,688.7624378298848,1,Gateway,00:0d:f0:3e:fa:ca,9
2017-12-03 08:37:36,model=SM-G950F_device=dreamlte,32.10263460161589,35.20757686137406,692.0341048029708,1,vladimir,00:0e:f4:c1:50:14,11
2017-12-03 08:41:47,model=SM-G950F_device=dreamlte,32.10236126185898,35.209664647727976,691.1283448325227,5,yosh,00:11:6b:11:02:b7,1
2017-12-03 08:50:04,model=SM-G950F_device=dreamlte,32.10479990244755,35.21028609718777,710.2818354386455,6,yosh,00:11:6b:11:7d:c7,13
2017-12-03 08:51:48,model=Lenovo PB2-690Y_device=PB2PRO,32.104665412175365,35.21081788597731,700.9937878266757,10,yosh,00:11:6b:11:7e:0c,1
2017-12-03 08:50:10,model=Lenovo PB2-690Y_device=PB2PRO,32.10492080273792,35.20973323805968,703.1072222548489,3,Cartiheal,00:11:6b:2a:90:3c,11
2017-12-03 08:37:15,model=SM-G950F_device=dreamlte,32.10251814263996,35.20734901460898,698.9056862429085,1,netbox-550b,00:12:2a:39:2c:3c,1
2017-12-03 08:38:43,model=SM-G950F_device=dreamlte,32.105480150114886,35.20995910039976,689.2878649448571,5, ,00:1a:2f:7f:6b:70,13
2017-12-03 08:37:13,model=SM-G950F_device=dreamlte,32.102528187003614,35.20734570155965,700.1622738859833,1,afikim-wifi,00:1a:dd:e3:06:e4,1
2017-12-03 08:39:13,model=SM-G950F_device=dreamlte,32.105962572338896,35.21055153552892,688.6825017110157,3,PEPWAVE_9481,00:1a:dd:f4:ef:04,1
2017-12-03 08:39:13,model=SM-G950F_device=dreamlte,32.10614939016676,35.21138726608906,688.8993666020681,1, ,00:1a:dd:f4:ef:c4,1
2017-12-03 08:39:10,model=SM-G950F_device=dreamlte,32.106089276564596,35.21106968179408,688.7624378298848,1,Afikim_Wifi,00:1a:dd:f4:ef:c5,1
2017-12-03 08:39:13,model=SM-G950F_device=dreamlte,32.10559996797917,35.21008394601984,689.0231325250428,5, ,00:1a:dd:f4:f5:c4,13
2017-12-03 08:39:13,model=SM-G950F_device=dreamlte,32.1051395482204,35.20907111905004,689.2440822092435,4,Afikim_Wifi,00:1a:dd:f4:f5:c5,13
2017-12-03 08:39:19,model=SM-G950F_device=dreamlte,32.106211489963755,35.21194838735254,689.2763252871639,1, ,00:1a:dd:f4:fc:64,1
2017-12-03 08:39:19,model=SM-G950F_device=dreamlte,32.106211489963755,35.21194838735254,689.2763252871639,1,Afikim_Wifi,00:1a:dd:f4:fc:65,1
2017-12-03 08:39:19,model=SM-G950F_device=dreamlte,32.106211489963755,35.21194838735254,689.2763252871639,1, ,00:1a:dd:f4:fc:84,8
2017-12-03 08:39:19,model=SM-G950F_device=dreamlte,32.106211489963755,35.21194838735254,689.2763252871639,1,Afikim_Wifi,00:1a:dd:f4:fc:85,8
2017-12-03 08:39:04,model=SM-G950F_device=dreamlte,32.10593532045871,35.21038076777716,688.6045855255679,1, ,00:1a:dd:f5:06:a4,13
2017-12-03 08:39:04,model=SM-G950F_device=dreamlte,32.10593532045871,35.21038076777716,688.6045855255679,1,Afikim_Wifi,00:1a:dd:f5:06:a5,13
2017-12-03 08:49:48,model=SM-G950F_device=dreamlte,32.10494482726751,35.210446896260514,717.6172124232385,1, ,00:1a:dd:f5:df:c4,6
2017-12-03 08:49:44,model=Lenovo PB2-690Y_device=PB2PRO,32.10488210412439,35.210373607684296,704.0554242419931,2,Afikim_Wifi,00:1a:dd:f5:df:c5,6
2017-12-03 08:45:22,model=Lenovo PB2-690Y_device=PB2PRO,32.10468231924794,35.2099254343313,710.2256059369854,3, ,00:1a:dd:f5:e2:e4,8
2017-12-03 08:45:00,model=SM-G950F_device=dreamlte,32.10477222514299,35.21012821479474,702.7538803082398,4,Afikim_Wifi,00:1a:dd:f5:e2:e5,8
2017-12-03 08:41:22,model=SM-G950F_device=dreamlte,32.105460466409745,35.210257453794235,689.4884991272369,3,PEPWAVE_C99D,00:1a:dd:f5:e9:24,1
2017-12-03 08:41:22,model=SM-G950F_device=dreamlte,32.10562571316993,35.21030626994565,689.1763663264628,5,Afikim-73925,00:1a:dd:f5:e9:25,1
2017-12-03 08:51:34,model=Lenovo PB2-690Y_device=PB2PRO,32.10291725551843,35.20991664023982,702.116966757302,20,KCG-ADSL,00:1d:aa:81:d8:3c,3
2017-12-03 08:37:13,model=SM-G950F_device=dreamlte,32.102528187003614,35.20734570155965,700.1622738859833,1,Yan,00:21:04:4c:2a:a2,6
2017-12-03 08:41:13,model=SM-G950F_device=dreamlte,32.10396303909033,35.20844384100144,691.9214773377328,3,AUC_54_R,00:25:86:cc:00:f8,5
2017-12-03 08:45:33,model=SM-G950F_device=dreamlte,32.10410016147078,35.20842792478725,703.2732684202417,2,KCG_54,00:25:86:cc:07:b2,2
2017-12-03 08:47:21,model=Lenovo PB2-690Y_device=PB2PRO,32.10520095441039,35.211813446554004,694.5187617004623,4,KCG_20,00:27:19:13:fc:a4,11
2017-12-03 08:39:07,model=SM-G950F_device=dreamlte,32.105801846979396,35.21010479765049,688.5497026939919,2, ,00:27:22:f3:a6:9a,6
2017-12-03 08:54:02,model=SM-G950F_device=dreamlte,32.10405974104211,35.20942539110444,705.4863232281272,3, ,00:27:22:f3:bb:2b,6
2017-12-03 08:38:10,model=SM-G950F_device=dreamlte,32.10353355128237,35.20781291804855,690.5795129917332,1, ,00:27:22:f3:bb:3a,6
2017-12-03 08:38:10,model=SM-G950F_device=dreamlte,32.10375725007887,35.20784015835278,690.4441102635042,2, ,00:27:22:f3:bb:86,6
2017-12-03 08:38:28,model=SM-G950F_device=dreamlte,32.10473074431384,35.20808401590763,689.6319853475801,1, ,00:27:22:f3:e0:83,1
2017-12-03 08:39:07,model=SM-G950F_device=dreamlte,32.105924522405914,35.21055874734606,688.6737904292652,3, ,00:27:22:f3:e2:f3,6
2017-12-03 08:37:24,model=SM-G950F_device=dreamlte,32.10251743683182,35.2073387273908,695.5775665899107,1,victoria,00:8c:54:90:ce:d1,11
2017-12-03 08:37:27,model=SM-G950F_device=dreamlte,32.102458386443125,35.20743113335047,694.8881937656644,1,BezeqFree,06:ae:db:3a:64:05,1
2017-12-03 08:38:58,model=SM-G950F_device=dreamlte,32.10572050842588,35.2097599664662,688.5550300637956,1,NIPPON_2516,08:97:58:32:a6:3e,3
2017-12-03 08:45:06,model=SM-G950F_device=dreamlte,32.1049280958924,35.21028241262848,722.9373547253995,1,HP-Print-4b-LaserJet 400,08:ed:b9:3d:8f:4b,6
2017-12-03 08:46:24,model=Lenovo PB2-690Y_device=PB2PRO,32.1020859,35.20993739,692.0,1,Malibu,10:0d:7f:7c:90:0a,11
2017-12-03 08:39:13,model=SM-G950F_device=dreamlte,32.10614939016676,35.21138726608906,688.8993666020681,1,TOP-SECRET,10:be:f5:36:02:e2,8
2017-12-03 08:37:15,model=SM-G950F_device=dreamlte,32.10251814263996,35.20734901460898,698.9056862429085,1,LARISA,10:be:f5:39:8f:f2,3
2017-12-03 08:37:13,model=SM-G950F_device=dreamlte,32.102528187003614,35.20734570155965,700.1622738859833,1,Hagar,10:be:f5:3b:68:2c,11
2017-12-03 08:37:15,model=SM-G950F_device=dreamlte,32.10251814263996,35.20734901460898,698.9056862429085,1,Home,10:be:f5:a7:b4:f4,7
2017-12-03 08:37:13,model=SM-G950F_device=dreamlte,32.102528187003614,35.20734570155965,700.1622738859833,1,tanya,14:ae:db:3a:64:05,1
2017-12-03 08:37:18,model=SM-G950F_device=dreamlte,32.10251581558651,35.207339181669674,697.993173771496,1,BEZEQINT-8831,14:ae:db:43:88:35,6
2017-12-03 08:54:50,model=SM-G950F_device=dreamlte,32.10219394918968,35.21000358431366,700.9890867525717,2,GuyEmily,14:ae:db:4f:50:75,6
2017-12-03 08:37:33,model=SM-G950F_device=dreamlte,32.10258798763252,35.20759021123835,693.1085203108703,1,__ery,14:ae:db:58:0d:6d,11
2017-12-03 08:37:27,model=SM-G950F_device=dreamlte,32.102458386443125,35.20743113335047,694.8881937656644,1,Mama,14:ae:db:cb:05:f5,11
2017-12-03 08:41:22,model=SM-G950F_device=dreamlte,32.103147609584674,35.20814477182254,691.7941043072863,2,Biren2809,14:ae:db:cf:86:f5,11
2017-12-03 08:49:48,model=SM-G950F_device=dreamlte,32.10494482726751,35.210446896260514,717.6172124232385,1, ,18:d6:c7:ad:25:1a,13
2017-12-03 08:58:28,model=Lenovo PB2-690Y_device=PB2PRO,32.10302263323315,35.208963049025684,696.7058281338208,7,Ariel_University,1c:b9:c4:12:7c:c8,11
2017-12-03 08:41:22,model=SM-G950F_device=dreamlte,32.10302115000105,35.208813904216676,691.9923582374439,4,Ariel_University,1c:b9:c4:12:7c:cc,36
2017-12-03 08:45:45,model=SM-G950F_device=dreamlte,32.10293959060556,35.20903635611676,704.3085149474019,15,Ariel_University,1c:b9:c4:12:90:b8,11
2017-12-03 08:42:14,model=SM-G950F_device=dreamlte,32.10300529175981,35.209193209057055,698.8387424297592,8,Ariel_University,1c:b9:c4:12:90:bc,40
2017-12-03 08:51:08,model=Lenovo PB2-690Y_device=PB2PRO,32.10315268873085,35.209929381457165,695.8549108537276,8,Ariel_University,1c:b9:c4:12:af:78,11
2017-12-03 08:42:05,model=SM-G950F_device=dreamlte,32.102975182256614,35.20967918711385,697.3000448791336,3,Ariel_University,1c:b9:c4:12:af:7c,40
2017-12-03 08:42:08,model=SM-G950F_device=dreamlte,32.10329390169937,35.20991290582502,697.8941785167817,5,Ariel_University,1c:b9:c4:14:2b:88,11
2017-12-03 08:46:43,model=SM-G950F_device=dreamlte,32.103388164157224,35.209780212663475,713.0579802632583,1,Ariel_University,1c:b9:c4:14:2b:8c,44
2017-12-03 08:43:02,model=SM-G950F_device=dreamlte,32.104872300606495,35.210961673613276,695.4916420119257,12,Ariel_University,1c:b9:c4:14:2b:c8,6
2017-12-03 08:40:37,model=SM-G950F_device=dreamlte,32.10504392751344,35.21106960662548,702.0456994786932,3,Ariel_University,1c:b9:c4:14:2b:cc,36
2017-12-03 08:46:27,model=Lenovo PB2-690Y_device=PB2PRO,32.10235039189221,35.20927042511179,692.2206133052451,8,Ariel_University,1c:b9:c4:14:2b:d8,1
2017-12-03 08:41:40,model=SM-G950F_device=dreamlte,32.10220392277592,35.2092717476526,695.9776331182592,5,Ariel_University,1c:b9:c4:14:2b:dc,36
2017-12-03 08:41:37,model=SM-G950F_device=dreamlte,32.10240105789399,35.209144564397185,697.9423213346126,4,Ariel_University,1c:b9:c4:14:2c:18,1
2017-12-03 08:42:02,model=SM-G950F_device=dreamlte,32.102947551313704,35.209910235632215,694.7581556310139,10,Ariel_University,1c:b9:c4:14:2c:38,6
2017-12-03 08:51:09,model=SM-G950F_device=dreamlte,32.102976076115155,35.20994729531627,696.7128933837492,5,Ariel_University,1c:b9:c4:14:2c:3c,52
2017-12-03 08:45:51,model=Lenovo PB2-690Y_device=PB2PRO,32.102714129156595,35.208955705994235,693.84905160281,11,Ariel_University,1c:b9:c4:14:2f:68,6
2017-12-03 08:41:31,model=SM-G950F_device=dreamlte,32.10263474546557,35.20893994700708,690.5293943929987,4,Ariel_University,1c:b9:c4:14:2f:6c,36
2017-12-03 08:38:58,model=SM-G950F_device=dreamlte,32.10591114100764,35.21043701631978,688.6622483231179,2,Ariel_University,1c:b9:c4:14:2f:a8,1
2017-12-03 08:44:55,model=Lenovo PB2-690Y_device=PB2PRO,32.10501114734997,35.21068038303641,697.5475606772844,4,Ariel_University,1c:b9:c4:14:30:08,1
2017-12-03 08:40:43,model=SM-G950F_device=dreamlte,32.10506214894986,35.21071549460977,692.6868607099875,1,Ariel_University,1c:b9:c4:14:30:0c,36
2017-12-03 08:59:52,model=Lenovo PB2-690Y_device=PB2PRO,32.10292340039279,35.20969559237643,700.9384049099175,5,Ariel_University,1c:b9:c4:14:30:38,1
2017-12-03 08:42:05,model=SM-G950F_device=dreamlte,32.10298530383412,35.20969269755819,701.7019225009692,4,Ariel_University,1c:b9:c4:14:30:3c,44
2017-12-03 08:37:18,model=SM-G950F_device=dreamlte,32.10268025308704,35.208905151020254,692.5193655579834,10,Ariel_University,1c:b9:c4:14:33:c8,11
2017-12-03 08:46:19,model=SM-G950F_device=dreamlte,32.102518364534426,35.2088820713498,700.1854284214463,7,Ariel_University,1c:b9:c4:14:33:cc,48
2017-12-03 08:40:34,model=SM-G950F_device=dreamlte,32.104519883098945,35.211279570886184,694.6482809964774,4,Ariel_University,1c:b9:c4:14:36:f8,6
2017-12-03 08:42:38,model=SM-G950F_device=dreamlte,32.10423235881814,35.2111784466841,704.2993113818352,2,Ariel_University,1c:b9:c4:14:36:fc,36
2017-12-03 08:40:58,model=SM-G950F_device=dreamlte,32.103909863283285,35.20946884775084,696.091410434499,5,Ariel_University,1c:b9:c4:14:62:48,11
2017-12-03 08:40:58,model=SM-G950F_device=dreamlte,32.10457102888188,35.209608501213296,692.8918490649098,1,Ariel_University,1c:b9:c4:14:62:4c,36
2017-12-03 08:46:12,model=Lenovo PB2-690Y_device=PB2PRO,32.10208600104862,35.20928813919664,690.0247298147438,3,Ariel_University,1c:b9:c4:15:1b:88,11
2017-12-03 08:41:47,model=SM-G950F_device=dreamlte,32.10202729086905,35.20947062720155,690.8338172894856,2,Ariel_University,1c:b9:c4:15:1b:8c,58
2017-12-03 09:09:03,model=Lenovo PB2-690Y_device=PB2PRO,32.103534568057206,35.209501952280725,701.7597470618819,17,Ariel_University,1c:b9:c4:15:1c:b8,1
2017-12-03 08:46:43,model=SM-G950F_device=dreamlte,32.103388164157224,35.209780212663475,713.0579802632583,1,Ariel_University,1c:b9:c4:15:1c:bc,36
2017-12-03 08:50:55,model=Lenovo PB2-690Y_device=PB2PRO,32.1025584617529,35.20986963450915,691.6443246693005,6,Ariel_University,1c:b9:c4:15:1e:68,1
2017-12-03 08:42:08,model=SM-G950F_device=dreamlte,32.10251278681855,35.20963302577492,693.2846435046687,2,Ariel_University,1c:b9:c4:15:1e:6c,36
2017-12-03 08:45:07,model=Lenovo PB2-690Y_device=PB2PRO,32.1048194748832,35.21014193535791,697.8852428165849,4,Ariel_University,1c:b9:c4:15:20:38,11
2017-12-03 08:45:09,model=SM-G950F_device=dreamlte,32.104182241647806,35.20926223476808,698.5264667741548,6,Ariel_University,1c:b9:c4:15:23:58,6
2017-12-03 08:41:10,model=SM-G950F_device=dreamlte,32.104079300627305,35.20894493919268,693.2106002961864,1,Ariel_University,1c:b9:c4:15:23:5c,36
2017-12-03 08:47:26,model=SM-G950F_device=dreamlte,32.10478559828744,35.21024369540257,701.243239822832,9,Ariel_University,1c:b9:c4:15:25:48,1
2017-12-03 08:45:10,model=Lenovo PB2-690Y_device=PB2PRO,32.10474846,35.21005988,687.0,1,Ariel_University,1c:b9:c4:15:25:4c,44
2017-12-03 08:40:49,model=SM-G950F_device=dreamlte,32.10493191549645,35.21025667401684,692.7030958914264,1,Ariel_University,1c:b9:c4:15:34:b8,6
2017-12-03 08:45:06,model=SM-G950F_device=dreamlte,32.1049280958924,35.21028241262848,722.9373547253995,1,Ariel_University,1c:b9:c4:15:34:bc,36
2017-12-03 08:40:43,model=SM-G950F_device=dreamlte,32.105151145554075,35.21116457683499,700.3504652541378,4,Ariel_University,1c:b9:c4:15:36:98,1
2017-12-03 08:39:34,model=SM-G950F_device=dreamlte,32.105191757257465,35.2112199723324,703.6200349313401,3,Ariel_University,1c:b9:c4:15:36:9c,36
2017-12-03 08:39:34,model=SM-G950F_device=dreamlte,32.105448644069995,35.21192983211315,691.5885470680463,1,Ariel_University,1c:b9:c4:15:3a:28,1
2017-12-03 08:39:37,model=SM-G950F_device=dreamlte,32.105338150765675,35.21187487697705,692.0554072332519,1,Ariel_University,1c:b9:c4:15:3a:2c,36
2017-12-03 08:46:40,model=SM-G950F_device=dreamlte,32.102373690941626,35.20964114033786,698.1569237525265,8,Ariel_University,1c:b9:c4:15:3a:38,11
2017-12-03 08:41:47,model=SM-G950F_device=dreamlte,32.102049198139355,35.20957634222167,691.3318336450411,2,Ariel_University,1c:b9:c4:15:3a:3c,44
2017-12-03 08:41:44,model=SM-G950F_device=dreamlte,32.102337808940824,35.20952023658237,696.010808278735,8,Ariel_University,1c:b9:c4:15:3d:58,11
2017-12-03 08:41:50,model=SM-G950F_device=dreamlte,32.101993215281134,35.209569911503216,690.6407658565206,2,Ariel_University,1c:b9:c4:15:3d:5c,36
2017-12-03 08:51:08,model=Lenovo PB2-690Y_device=PB2PRO,32.103095871714956,35.21015733333644,694.0904349206564,7,Ariel_University,1c:b9:c4:15:3d:68,6
2017-12-03 08:42:02,model=SM-G950F_device=dreamlte,32.10264502460317,35.209897806241734,696.5341776276562,2,Ariel_University,1c:b9:c4:15:3d:6c,44
2017-12-03 08:45:12,model=SM-G950F_device=dreamlte,32.10442512242979,35.210648214896864,699.365160793818,9,Ariel_University,1c:b9:c4:15:41:78,1
2017-12-03 08:42:35,model=SM-G950F_device=dreamlte,32.10416345117808,35.2110012459743,696.2173923900879,3,Ariel_University,1c:b9:c4:15:41:7c,44
2017-12-03 08:56:03,model=SM-G950F_device=dreamlte,32.10502822509183,35.21067182131275,695.0809567491029,11,Ariel_University,1c:b9:c4:15:42:68,11
2017-12-03 08:38:58,model=SM-G950F_device=dreamlte,32.105382326454894,35.210379922222494,690.5953548222516,2,Ariel_University,1c:b9:c4:15:42:6c,48
2017-12-03 08:45:51,model=Lenovo PB2-690Y_device=PB2PRO,32.102635300506314,35.20896432454617,697.8887699468977,6,Ariel_University,1c:b9:c4:15:43:e8,1
2017-12-03 08:46:19,model=SM-G950F_device=dreamlte,32.102298630301554,35.20922609710819,706.4003318459148,3,Ariel_University,1c:b9:c4:15:43:ec,36
2017-12-03 08:43:02,model=SM-G950F_device=dreamlte,32.1048697185748,35.210379423671185,700.5148918285998,20,Ariel_University,1c:b9:c4:15:44:58,11
2017-12-03 08:45:24,model=SM-G950F_device=dreamlte,32.10497716790047,35.21024127242585,706.9197561283919,7,Ariel_University,1c:b9:c4:15:44:5c,44
2017-12-03 08:40:22,model=SM-G950F_device=dreamlte,32.10461220426342,35.21092258238059,695.4042831284123,14,Ariel_University,1c:b9:c4:15:44:88,6
2017-12-03 08:40:40,model=SM-G950F_device=dreamlte,32.10473150718274,35.211193917522,695.551073827083,2,Ariel_University,1c:b9:c4:15:44:8c,36
2017-12-03 08:42:05,model=SM-G950F_device=dreamlte,32.10304055326519,35.20981373212277,696.0379827520758,5,Ariel_University,1c:b9:c4:15:ec:38,6
2017-12-03 09:01:34,model=Lenovo PB2-690Y_device=PB2PRO,32.102966652510524,35.20967465253963,699.7362750892721,4,Ariel_University,1c:b9:c4:15:ec:3c,36
2017-12-03 08:45:04,model=Lenovo PB2-690Y_device=PB2PRO,32.10414639744717,35.21071504724529,697.3529486189451,8,Ariel_University,1c:b9:c4:15:ed:38,6
2017-12-03 08:42:32,model=SM-G950F_device=dreamlte,32.10414685341135,35.210800777058985,704.4425966317007,2,Ariel_University,1c:b9:c4:15:ed:3c,36
2017-12-03 08:49:49,model=Lenovo PB2-690Y_device=PB2PRO,32.10463009189627,35.21103419284488,690.6537700185136,11,Ariel_University,1c:b9:c4:15:ed:48,1
2017-12-03 08:47:27,model=Lenovo PB2-690Y_device=PB2PRO,32.1048674859546,35.21138014652286,690.8633013150281,2,Ariel_University,1c:b9:c4:15:ed:4c,44
2017-12-03 08:46:03,model=Lenovo PB2-690Y_device=PB2PRO,32.102324752084236,35.209331493043635,694.8604361878397,8,Ariel_University,1c:b9:c4:15:ed:78,6
2017-12-03 08:41:50,model=SM-G950F_device=dreamlte,32.10199115789806,35.20958210879809,691.3292746776632,1,Ariel_University,1c:b9:c4:15:ed:7c,60
2017-12-03 08:42:14,model=SM-G950F_device=dreamlte,32.10336183777687,35.20975078092387,700.4082398392861,3,IT-MNG,1c:b9:c4:15:ed:b8,1
2017-12-03 09:07:13,model=Lenovo PB2-690Y_device=PB2PRO,32.1034255,35.20978696,702.0,1,IT-MNG,1c:b9:c4:15:ed:bc,48
2017-12-03 08:41:07,model=SM-G950F_device=dreamlte,32.10378602117692,35.20954104770006,700.0401092962562,15,Ariel_University,1c:b9:c4:15:fd:48,1
2017-12-03 08:42:23,model=SM-G950F_device=dreamlte,32.1039560632623,35.20965595587197,707.7773313434046,9,Ariel_University,1c:b9:c4:15:fd:4c,36
2017-12-03 08:44:52,model=Lenovo PB2-690Y_device=PB2PRO,32.10534576509134,35.21169309934411,691.3431389455745,3,IT-MNG,1c:b9:c4:15:fd:e8,11
2017-12-03 08:39:34,model=SM-G950F_device=dreamlte,32.10533711925973,35.2118598855837,691.9964341016355,2,Ariel_University,1c:b9:c4:15:fd:ec,40
2017-12-03 08:41:37,model=SM-G950F_device=dreamlte,32.102339731932126,35.20930495221809,692.9193973951036,5,Ariel_University,1c:b9:c4:16:04:78,11
2017-12-03 08:54:47,model=SM-G950F_device=dreamlte,32.102271738464836,35.20927735809509,704.3875712040443,3,Ariel_University,1c:b9:c4:16:04:7c,60
2017-12-03 08:38:40,model=SM-G950F_device=dreamlte,32.10444318442077,35.20977958555386,695.8260189009867,14,Ariel_University,1c:b9:c4:16:05:38,11
2017-12-03 08:54:11,model=SM-G950F_device=dreamlte,32.104617359952364,35.209437597427666,695.5120296503743,4,Ariel_University,1c:b9:c4:16:05:3c,36
2017-12-03 08:39:43,model=SM-G950F_device=dreamlte,32.10474883983461,35.210693424890316,701.9723431969405,16,Ariel_University,1c:b9:c4:16:05:78,6
2017-12-03 08:53:41,model=SM-G950F_device=dreamlte,32.104875348940055,35.210819919028296,708.9043805783167,5,Ariel_University,1c:b9:c4:16:05:7c,36
2017-12-03 08:46:37,model=SM-G950F_device=dreamlte,32.10367691562782,35.21008264031051,703.6814760555384,27,Ariel_University,1c:b9:c4:16:06:b8,11
2017-12-03 08:42:11,model=SM-G950F_device=dreamlte,32.10366539856664,35.21001473018414,703.3813108462018,7,Ariel_University,1c:b9:c4:16:06:bc,48
2017-12-03 08:38:55,model=SM-G950F_device=dreamlte,32.10584273376777,35.21021078186345,688.5965322405589,3,Ariel_University,1c:b9:c4:16:06:e8,11
2017-12-03 08:39:04,model=SM-G950F_device=dreamlte,32.10604981378468,35.21091908466632,688.7622466266455,2,Ariel_University,1c:b9:c4:16:06:ec,44
2017-12-03 08:42:11,model=SM-G950F_device=dreamlte,32.10287422469279,35.209586802655686,696.7918042281749,9,Ariel_University,1c:b9:c4:16:11:a8,1
2017-12-03 08:46:19,model=SM-G950F_device=dreamlte,32.10238902572058,35.20923578009255,701.2747772025522,6,Ariel_University,1c:b9:c4:16:11:ac,44
2017-12-03 08:45:42,model=Lenovo PB2-690Y_device=PB2PRO,32.10358120061593,35.20879532777539,702.3207686528216,2,Ariel_University,1c:b9:c4:16:12:e8,1
2017-12-03 08:41:19,model=SM-G950F_device=dreamlte,32.10356596775584,35.20877573109439,697.2890669002472,4,Ariel_University,1c:b9:c4:16:13:08,11
2017-12-03 08:41:25,model=SM-G950F_device=dreamlte,32.10332614802254,35.20866418715774,692.4506545358308,1,Ariel_University,1c:b9:c4:16:13:0c,44
2017-12-03 08:41:25,model=SM-G950F_device=dreamlte,32.103799696534956,35.209363177056936,702.5800850390748,11,Ariel_University,1c:b9:c4:16:1d:78,1
2017-12-03 09:06:43,model=Lenovo PB2-690Y_device=PB2PRO,32.10380222483328,35.20943242378063,710.3086401521953,2,Ariel_University,1c:b9:c4:16:1d:7c,44
2017-12-03 08:46:03,model=SM-G950F_device=dreamlte,32.10344997974311,35.209005411386286,701.2471810163975,24,Ariel_University,1c:b9:c4:16:28:e8,1
2017-12-03 08:41:07,model=SM-G950F_device=dreamlte,32.10383973315255,35.20889571793293,701.5034186413068,5,Ariel_University,1c:b9:c4:16:28:ec,36
2017-12-03 08:37:39,model=SM-G950F_device=dreamlte,32.1027578494726,35.208910534525934,695.7421434380835,10,Ariel_University,1c:b9:c4:16:28:f8,6
2017-12-03 08:46:19,model=SM-G950F_device=dreamlte,32.10242523005958,35.20900344642831,705.0500020451591,6,Ariel_University,1c:b9:c4:16:28:fc,36
2017-12-03 08:39:46,model=SM-G950F_device=dreamlte,32.104821586826894,35.210819856935046,690.517233496498,9,Ariel_University,1c:b9:c4:16:2b:e8,6
2017-12-03 08:44:54,model=SM-G950F_device=dreamlte,32.105083845149835,35.21105176968496,723.7793960780249,1,Ariel_University,1c:b9:c4:16:2b:ec,36
2017-12-03 08:53:29,model=SM-G950F_device=dreamlte,32.10485506920522,35.21035842981894,702.4056720865938,11,Ariel_University,1c:b9:c4:16:2d:e8,11
2017-12-03 08:40:49,model=SM-G950F_device=dreamlte,32.10493191549645,35.21025667401684,692.7030958914264,1,Ariel_University,1c:b9:c4:16:2d:ec,36
2017-12-03 08:45:30,model=Lenovo PB2-690Y_device=PB2PRO,32.10417409535365,35.20908661069742,691.6582550631983,2,Ariel_University,1c:b9:c4:16:cc:d8,1
2017-12-03 08:41:16,model=SM-G950F_device=dreamlte,32.1037453613347,35.208747637130664,692.9018041152,1,Ariel_University,1c:b9:c4:16:cc:dc,36
2017-12-03 08:39:25,model=SM-G950F_device=dreamlte,32.105760148875554,35.21206399289527,690.460869314654,2,IT-MNG,1c:b9:c4:16:cd:18,1
2017-12-03 08:39:28,model=SM-G950F_device=dreamlte,32.10578181130056,35.21207187967583,690.5323471428377,1,Ariel_University,1c:b9:c4:16:cd:1c,36
2017-12-03 08:38:22,model=SM-G950F_device=dreamlte,32.1044140461797,35.20788087493433,689.9496964638441,1,Ariel_University,1c:b9:c4:16:cd:68,11
2017-12-03 08:37:15,model=SM-G950F_device=dreamlte,32.10312347302773,35.208837464661066,698.2028615729478,18,Ariel_University,1c:b9:c4:16:d2:88,11
2017-12-03 08:54:32,model=SM-G950F_device=dreamlte,32.1031141011101,35.208605039920876,701.7124141249267,10,Ariel_University,1c:b9:c4:16:d2:8c,44
2017-12-03 08:42:17,model=SM-G950F_device=dreamlte,32.10360134361631,35.21001398704486,698.4176637615689,5,Ariel_University,1c:b9:c4:16:e5:a8,6
2017-12-03 08:42:17,model=SM-G950F_device=dreamlte,32.10360554777893,35.20981182556972,696.9845369879256,1,Ariel_University,1c:b9:c4:16:e5:ac,36
2017-12-03 08:45:07,model=Lenovo PB2-690Y_device=PB2PRO,32.10435411712129,35.21091056775143,698.0151043980396,12,Ariel_University,1c:b9:c4:16:e8:f8,11
2017-12-03 08:42:32,model=SM-G950F_device=dreamlte,32.10415575294136,35.21103695836558,696.100390839485,3,Ariel_University,1c:b9:c4:16:e8:fc,36
2017-12-03 08:41:40,model=SM-G950F_device=dreamlte,32.10304834685059,35.209781569588664,696.662552737412,11,Ariel_University,1c:b9:c4:16:ed:38,6
2017-12-03 08:54:59,model=SM-G950F_device=dreamlte,32.10308440108971,35.20980205849447,703.6232781252894,8,Ariel_University,1c:b9:c4:16:ed:3c,44
2017-12-03 08:42:20,model=SM-G950F_device=dreamlte,32.10364787662065,35.21008034790614,700.8670325153143,5,Ariel_University,1c:b9:c4:16:ed:48,6
2017-12-03 08:41:59,model=SM-G950F_device=dreamlte,32.10295636237959,35.21017553056079,693.3648379987367,10,Ariel_University,1c:b9:c4:16:ee:98,6
2017-12-03 09:08:45,model=Lenovo PB2-690Y_device=PB2PRO,32.10259716125353,35.20992068942939,696.4473308693133,2,Ariel_University,1c:b9:c4:16:ee:9c,36
2017-12-03 08:54:50,model=SM-G950F_device=dreamlte,32.1022858881108,35.209379153916835,699.9422742668038,7,Ariel_University,1c:b9:c4:16:f1:48,1
2017-12-03 08:41:44,model=SM-G950F_device=dreamlte,32.10214478667037,35.209089103693636,689.2517761973078,2,Ariel_University,1c:b9:c4:16:f1:4c,36
2017-12-03 08:54:27,model=SM-G950F_device=dreamlte,32.10335904188247,35.20977687793667,702.9565051514172,8,Ariel_University,1c:b9:c4:16:f1:58,6
2017-12-03 08:51:21,model=SM-G950F_device=dreamlte,32.1033105561659,35.20975755219821,703.941478824367,3,Ariel_University,1c:b9:c4:16:f1:5c,52
2017-12-03 08:50:37,model=Lenovo PB2-690Y_device=PB2PRO,32.10242925724764,35.20930772287471,696.8103980855348,12,Ariel_University,1c:b9:c4:16:f1:98,11
2017-12-03 08:50:31,model=Lenovo PB2-690Y_device=PB2PRO,32.10262066343639,35.20891278980264,694.2562670964378,9,Ariel_University,1c:b9:c4:16:f4:28,11
2017-12-03 08:54:44,model=SM-G950F_device=dreamlte,32.102451938359444,35.20925955775435,708.8170773849673,5,Ariel_University,1c:b9:c4:16:f4:2c,44
2017-12-03 08:55:26,model=SM-G950F_device=dreamlte,32.10289797369338,35.208867675462855,697.870638109778,11,Ariel_University,1c:b9:c4:16:f4:78,1
2017-12-03 08:46:19,model=SM-G950F_device=dreamlte,32.102837741930934,35.20869358738605,700.1919330033965,9,Ariel_University,1c:b9:c4:16:f4:7c,36
2017-12-03 08:44:52,model=Lenovo PB2-690Y_device=PB2PRO,32.10513842553273,35.21141955571388,698.5747888633089,5,Ariel_University,1c:b9:c4:55:fd:e8,11
2017-12-03 08:39:25,model=SM-G950F_device=dreamlte,32.105755717208204,35.21206208631172,690.4771826394856,2,Ariel_University,1c:b9:c4:56:cd:18,1
2017-12-03 08:45:51,model=Lenovo PB2-690Y_device=PB2PRO,32.10290082863347,35.20885512897605,691.8458350165492,3, ,1c:b9:c4:92:7c:c7,36
2017-12-03 08:50:48,model=SM-G950F_device=dreamlte,32.103074863333624,35.20912759493662,712.3984014019243,4, ,1c:b9:c4:92:90:b7,40
2017-12-03 08:42:11,model=SM-G950F_device=dreamlte,32.1031242379023,35.20963378256423,698.5876172610194,2, ,1c:b9:c4:92:af:77,40
2017-12-03 08:40:37,model=SM-G950F_device=dreamlte,32.1050271314145,35.21103245039248,700.7822284453173,3, ,1c:b9:c4:94:2b:c7,36
2017-12-03 08:41:40,model=SM-G950F_device=dreamlte,32.102278046502754,35.20926738007158,697.3514191595569,4, ,1c:b9:c4:94:2b:d7,36
2017-12-03 08:55:05,model=SM-G950F_device=dreamlte,32.10273247579181,35.20985935941212,700.6765495004639,3, ,1c:b9:c4:94:2c:37,52
2017-12-03 08:50:36,model=SM-G950F_device=dreamlte,32.10293474085022,35.20878314332855,707.5299710413922,1, ,1c:b9:c4:94:2f:67,36
2017-12-03 08:40:43,model=SM-G950F_device=dreamlte,32.10506214894986,35.21071549460977,692.6868607099875,1, ,1c:b9:c4:94:30:07,36
2017-12-03 08:42:08,model=SM-G950F_device=dreamlte,32.10297855091711,35.209689577361985,699.0312381494077,2, ,1c:b9:c4:94:30:37,44
2017-12-03 08:45:57,model=SM-G950F_device=dreamlte,32.10296085254736,35.20883419348608,714.3703447936505,1, ,1c:b9:c4:94:33:c7,48
2017-12-03 08:42:41,model=SM-G950F_device=dreamlte,32.10421174650141,35.211189336085184,697.9876832678715,1, ,1c:b9:c4:94:36:f7,36
2017-12-03 08:40:58,model=SM-G950F_device=dreamlte,32.10457102888188,35.209608501213296,692.8918490649098,1, ,1c:b9:c4:94:62:47,36
2017-12-03 08:41:47,model=SM-G950F_device=dreamlte,32.10204840896786,35.209305441513706,690.6637923310731,1, ,1c:b9:c4:95:1b:87,58
2017-12-03 08:46:31,model=SM-G950F_device=dreamlte,32.10263051540787,35.21002970756891,712.9572535195944,1, ,1c:b9:c4:95:1e:67,36
2017-12-03 08:41:10,model=SM-G950F_device=dreamlte,32.104079300627305,35.20894493919268,693.2106002961864,1, ,1c:b9:c4:95:23:57,36
2017-12-03 08:53:26,model=SM-G950F_device=dreamlte,32.105028069933155,35.210961717985285,733.9581295039463,1, ,1c:b9:c4:95:36:97,36
2017-12-03 08:41:47,model=SM-G950F_device=dreamlte,32.10204840896786,35.209305441513706,690.6637923310731,1, ,1c:b9:c4:95:3a:37,44
2017-12-03 08:54:47,model=SM-G950F_device=dreamlte,32.1020008074778,35.20968340420071,700.0010789254476,2, ,1c:b9:c4:95:3d:57,36
2017-12-03 08:46:31,model=SM-G950F_device=dreamlte,32.10263051540787,35.21002970756891,712.9572535195944,1, ,1c:b9:c4:95:3d:67,44
2017-12-03 08:42:35,model=SM-G950F_device=dreamlte,32.104164383673286,35.2108876496702,704.5435791796842,2, ,1c:b9:c4:95:41:77,44
2017-12-03 08:40:40,model=SM-G950F_device=dreamlte,32.105393533722584,35.21035937704057,690.5277389594698,2, ,1c:b9:c4:95:42:67,48
2017-12-03 08:41:50,model=SM-G950F_device=dreamlte,32.10199115789806,35.20958210879809,691.3292746776632,1, ,1c:b9:c4:95:43:e7,36
2017-12-03 08:40:46,model=SM-G950F_device=dreamlte,32.10500097336687,35.21047477768118,710.7476613871767,2, ,1c:b9:c4:95:44:57,44
2017-12-03 08:40:40,model=SM-G950F_device=dreamlte,32.104750634791365,35.21122999135554,699.6870730661486,2, ,1c:b9:c4:95:44:87,36
2017-12-03 08:42:08,model=SM-G950F_device=dreamlte,32.10298166965829,35.20967767182609,699.3847452618824,3, ,1c:b9:c4:95:ec:37,36
2017-12-03 08:42:38,model=SM-G950F_device=dreamlte,32.104180210701166,35.210971616382466,697.8335736441353,1, ,1c:b9:c4:95:ed:37,36
2017-12-03 08:40:34,model=SM-G950F_device=dreamlte,32.104906121909195,35.21135241304572,691.7266026300563,1, ,1c:b9:c4:95:ed:47,44
2017-12-03 08:54:05,model=SM-G950F_device=dreamlte,32.1037295356692,35.20938172918558,705.7432982997963,4, ,1c:b9:c4:95:fd:47,36
2017-12-03 08:41:53,model=SM-G950F_device=dreamlte,32.10204989920807,35.20981699968769,691.9252951056196,1, ,1c:b9:c4:96:04:77,60
2017-12-03 08:42:59,model=SM-G950F_device=dreamlte,32.10490479074945,35.211247446727874,697.4311692397619,1, ,1c:b9:c4:96:05:77,36
2017-12-03 08:42:17,model=SM-G950F_device=dreamlte,32.10377640602972,35.21008430629888,706.2198169440267,3, ,1c:b9:c4:96:06:b7,48
2017-12-03 08:39:22,model=SM-G950F_device=dreamlte,32.106129976640474,35.21159973010257,689.0436342811676,2, ,1c:b9:c4:96:06:e7,44
2017-12-03 08:41:53,model=SM-G950F_device=dreamlte,32.10238098950909,35.209258389193515,702.8754790886982,2, ,1c:b9:c4:96:11:a7,44
2017-12-03 08:41:25,model=SM-G950F_device=dreamlte,32.10332614802254,35.20866418715774,692.4506545358308,1, ,1c:b9:c4:96:13:07,44
2017-12-03 08:50:20,model=SM-G950F_device=dreamlte,32.10377001820289,35.20885655710274,710.364346402885,1, ,1c:b9:c4:96:1d:77,44
2017-12-03 08:41:13,model=SM-G950F_device=dreamlte,32.10368839370954,35.20877681328383,691.4510767002092,3, ,1c:b9:c4:96:28:e7,36
2017-12-03 08:45:57,model=SM-G950F_device=dreamlte,32.10242248031378,35.20871363230101,704.2728646362713,4, ,1c:b9:c4:96:28:f7,36
2017-12-03 08:49:18,model=SM-G950F_device=dreamlte,32.10500618141325,35.21121884301277,710.7756189683926,1, ,1c:b9:c4:96:2b:e7,36
2017-12-03 08:40:49,model=SM-G950F_device=dreamlte,32.10492987261436,35.21027044008996,708.8736268991172,2, ,1c:b9:c4:96:2d:e7,36
2017-12-03 08:45:33,model=SM-G950F_device=dreamlte,32.10400629568038,35.20897410789561,716.4196812362657,1, ,1c:b9:c4:96:cc:d7,36
2017-12-03 08:39:34,model=SM-G950F_device=dreamlte,32.105448644069995,35.21192983211315,691.5885470680463,1, ,1c:b9:c4:96:cd:17,36
2017-12-03 08:37:45,model=SM-G950F_device=dreamlte,32.10297429619621,35.20769754582129,690.9460551220589,1, ,1c:b9:c4:96:d2:87,44
2017-12-03 08:42:35,model=SM-G950F_device=dreamlte,32.10417631742747,35.21102625078787,700.3305528836256,3, ,1c:b9:c4:96:e8:f7,36
2017-12-03 08:42:05,model=SM-G950F_device=dreamlte,32.10294447969606,35.20968831872878,698.1641498759643,2, ,1c:b9:c4:96:ed:37,44
2017-12-03 08:46:34,model=SM-G950F_device=dreamlte,32.102828942569055,35.20990359456348,712.964955332782,1, ,1c:b9:c4:96:ee:97,36
2017-12-03 08:50:49,model=Lenovo PB2-690Y_device=PB2PRO,32.10215532094677,35.20926006509077,703.3361961164649,2, ,1c:b9:c4:96:f1:47,36
2017-12-03 08:51:21,model=SM-G950F_device=dreamlte,32.103260452095796,35.20974024367279,703.9055825038959,2, ,1c:b9:c4:96:f1:57,52
2017-12-03 08:37:15,model=SM-G950F_device=dreamlte,32.10229102378868,35.2089337877798,699.6054525699565,4, ,1c:b9:c4:96:f1:97,60
2017-12-03 08:41:50,model=SM-G950F_device=dreamlte,32.10250943981619,35.20909891571277,691.7725879235369,2, ,1c:b9:c4:96:f4:27,44
2017-12-03 08:41:28,model=SM-G950F_device=dreamlte,32.102821209609324,35.20819917827672,693.7210746575796,3, ,1c:b9:c4:96:f4:77,36
2017-12-03 09:06:35,model=Lenovo PB2-690Y_device=PB2PRO,32.10381301,35.21016707,708.0,1,Ariel_University,24:79:2a:2b:02:78,6
2017-12-03 08:46:56,model=Lenovo PB2-690Y_device=PB2PRO,32.10380270114714,35.21015452322491,702.0523943814188,4,Ariel_University,24:79:2a:2b:07:b8,11
2017-12-03 08:42:23,model=SM-G950F_device=dreamlte,32.10384306889388,35.210176057657876,702.88736051609,2,Ariel_University,24:79:2a:2b:07:bc,36
2017-12-03 08:47:09,model=Lenovo PB2-690Y_device=PB2PRO,32.104250810070795,35.21062416797126,694.7682635009743,4,Ariel_University,24:79:2a:2b:24:98,1
2017-12-03 08:42:32,model=SM-G950F_device=dreamlte,32.104065424799884,35.21056380796895,697.5076283965512,1,Ariel_University,24:79:2a:2b:24:9c,36
2017-12-03 08:39:37,model=SM-G950F_device=dreamlte,32.105338150765675,35.21187487697705,692.0554072332519,1,Ariel_University,24:79:2a:2b:34:a8,11
2017-12-03 08:40:16,model=SM-G950F_device=dreamlte,32.10507123327566,35.21145722461369,693.5785828198289,2,Ariel_University,24:79:2a:2b:34:e8,1
2017-12-03 09:03:09,model=Lenovo PB2-690Y_device=PB2PRO,32.10380552805544,35.21028359949552,700.5189828177943,6,Ariel_University,24:79:2a:2b:bd:88,11
2017-12-03 08:42:20,model=SM-G950F_device=dreamlte,32.10379299376427,35.21009379786531,703.0223738791422,2,Ariel_University,24:79:2a:2b:bd:8c,44
2017-12-03 08:45:42,model=Lenovo PB2-690Y_device=PB2PRO,32.10339539914512,35.208784193538825,699.0853653836789,3,Ariel_University,24:79:2a:2c:3d:68,6
2017-12-03 08:42:32,model=SM-G950F_device=dreamlte,32.10416903450181,35.209887537508465,703.6087498077541,16,Ariel_University,24:79:2a:2c:5b:d8,1
2017-12-03 08:55:36,model=SM-G950F_device=dreamlte,32.104142686249105,35.21002391316817,703.1484393235384,3,Ariel_University,24:79:2a:2c:5b:dc,36
2017-12-03 09:06:11,model=Lenovo PB2-690Y_device=PB2PRO,32.103893852500775,35.21038790028051,701.1705842660216,6,Ariel_University,24:79:2a:2c:5c:18,11
2017-12-03 08:51:30,model=SM-G950F_device=dreamlte,32.103807998636846,35.21015332723746,707.2625708373013,2,Ariel_University,24:79:2a:2c:5c:1c,36
2017-12-03 08:42:32,model=SM-G950F_device=dreamlte,32.104047109642735,35.21059905198306,696.7270599946686,2,Ariel_University,24:79:2a:2c:61:68,6
2017-12-03 08:51:42,model=SM-G950F_device=dreamlte,32.10413712623305,35.210824460173626,704.7212452331758,1,Ariel_University,24:79:2a:2c:61:6c,36
2017-12-03 08:51:39,model=SM-G950F_device=dreamlte,32.10406637837736,35.21063207786472,704.8039142370221,1, ,24:79:2a:ab:24:97,36
2017-12-03 08:42:20,model=SM-G950F_device=dreamlte,32.10379296292741,35.2100937127936,703.0188089055943,2, ,24:79:2a:ab:bd:87,44
2017-12-03 08:45:24,model=SM-G950F_device=dreamlte,32.10444130085198,35.20944049214144,719.6999289639562,2, ,24:79:2a:ac:5b:d7,36
2017-12-03 08:51:36,model=SM-G950F_device=dreamlte,32.103986543611605,35.21044402294606,705.1048860032018,1, ,24:79:2a:ac:5c:17,36
2017-12-03 08:53:41,model=SM-G950F_device=dreamlte,32.10481856308317,35.210123150849206,726.1049342872047,1,Ariel_University,24:c9:a1:36:52:d8,1
2017-12-03 08:49:48,model=SM-G950F_device=dreamlte,32.10494482726751,35.210446896260514,717.6172124232385,1, ,30:b5:c2:b8:40:36,13
2017-12-03 08:45:39,model=Lenovo PB2-690Y_device=PB2PRO,32.10343190077941,35.20942000821245,696.8717534911826,7,DIRECT-61-HP DeskJet 3630 series,30:e1:71:0d:e0:63,6
2017-12-03 08:41:04,model=SM-G950F_device=dreamlte,32.104195792901045,35.20912676733564,700.8868204723456,3,DIRECT-64-HP DeskJet 3630 series,30:e1:71:0d:e0:65,6
2017-12-03 08:50:04,model=Lenovo PB2-690Y_device=PB2PRO,32.10455252,35.2096924,689.0,1,DIRECT-66-HP DeskJet 3630 series,30:e1:71:0d:e0:67,6
2017-12-03 08:42:05,model=SM-G950F_device=dreamlte,32.102638171561146,35.20987677611507,693.8391299561988,3,DIRECT-47-HP DeskJet 3630 series,30:e1:71:0f:a2:49,6
2017-12-03 08:41:53,model=SM-G950F_device=dreamlte,32.10201314920573,35.20972856511783,690.9557848714416,3,DIRECT-71-HP DeskJet 3630 series,30:e1:71:0f:a2:72,6
2017-12-03 08:49:32,model=Lenovo PB2-690Y_device=PB2PRO,32.10497523,35.21118447,698.0,1,DIRECT-69-HP DeskJet 3630 series,30:e1:71:0f:b2:6a,6
2017-12-03 08:45:22,model=Lenovo PB2-690Y_device=PB2PRO,32.10410549592866,35.209217285537754,690.6334021278866,5,Ariel_University,34:8f:27:20:89:b8,6
2017-12-03 08:41:01,model=SM-G950F_device=dreamlte,32.104466966368285,35.20942986183025,692.9030486088649,1,Ariel_University,34:8f:27:20:89:bc,44
2017-12-03 08:50:47,model=Lenovo PB2-690Y_device=PB2PRO,32.10287513710924,35.20909666960022,693.7861545185115,4,Ariel_University,34:8f:27:20:8c:18,6
2017-12-03 08:41:01,model=SM-G950F_device=dreamlte,32.104466966368285,35.20942986183025,692.9030486088649,1, ,34:8f:27:a0:89:b7,44
2017-12-03 08:40:46,model=SM-G950F_device=dreamlte,32.10500248118355,35.210472263787054,692.7188464192927,1,SAMSONIX ML_003,38:a2:8c:02:e7:6e,6
2017-12-03 08:47:15,model=Lenovo PB2-690Y_device=PB2PRO,32.10427768945722,35.21140688710281,701.7264123572375,2,BezeqNGN_009030_2.4GHz_1,3c:1e:04:05:5f:f5,1
2017-12-03 08:42:26,model=SM-G950F_device=dreamlte,32.10377344097352,35.21013482043957,699.0985950915649,3,DIRECT-8A-HP DeskJet 3630 series,3c:52:82:ef:a4:8b,6
2017-12-03 08:42:08,model=SM-G950F_device=dreamlte,32.103112658795794,35.20972713062699,698.4515190271773,4,DIRECT-3B-HP DeskJet 3630 series,3c:52:82:ef:c4:3c,6
2017-12-03 08:42:14,model=SM-G950F_device=dreamlte,32.10360702437693,35.20990817770251,700.2261390612397,4,DIRECT-51-HP DeskJet 3630 series,3c:52:82:ef:d4:52,6
2017-12-03 08:46:09,model=Lenovo PB2-690Y_device=PB2PRO,32.10218764306504,35.2092902710175,694.1649424257095,4,DIRECT-55-HP DeskJet 3630 series,3c:52:82:ef:d4:56,6
2017-12-03 08:45:42,model=SM-G950F_device=dreamlte,32.10282721464495,35.20953180862031,699.4813413771293,8,2.4V1,40:a5:ef:7a:17:f2,1
2017-12-03 08:41:40,model=SM-G950F_device=dreamlte,32.102383542734515,35.208836763486595,689.4879837201058,2,tachlit3,48:ee:0c:3e:86:dd,7
2017-12-03 08:38:55,model=SM-G950F_device=dreamlte,32.10577582600903,35.20997089589932,688.5217353450139,2,YICarCam_00d0f1,58:70:c6:00:d0:f1,6
2017-12-03 08:41:04,model=SM-G950F_device=dreamlte,32.104362677361316,35.20927746779735,692.9954485022049,1,YICarCam_fb687a,58:70:c6:fb:68:7a,5
2017-12-03 08:49:58,model=Lenovo PB2-690Y_device=PB2PRO,32.10473133,35.21000489,687.0,1,YICarCam_fb9630,58:70:c6:fb:96:30,5
2017-12-03 08:45:25,model=Lenovo PB2-690Y_device=PB2PRO,32.10398603715144,35.20993136747109,698.2275590044244,6,HelpDesk,60:e3:27:7b:e0:98,4
2017-12-03 08:54:47,model=SM-G950F_device=dreamlte,32.102279237239024,35.2093613929875,696.552325318237,8,Bezeq Free,62:ab:1b:60:b4:cb,8
2017-12-03 08:45:10,model=Lenovo PB2-690Y_device=PB2PRO,32.10474846,35.21005988,687.0,1,DIRECT-B1-HP DeskJet 3830 series,70:5a:0f:57:04:17,11
2017-12-03 08:45:19,model=Lenovo PB2-690Y_device=PB2PRO,32.10447804,35.20959776,687.0,1,DIRECT-42-HP DeskJet 3830 series,70:5a:0f:57:42:43,11
2017-12-03 08:50:25,model=Lenovo PB2-690Y_device=PB2PRO,32.10383156123503,35.20935688314183,689.4332639582818,6,TP-LINK_ADD150,74:ea:3a:ad:d1:50,4
2017-12-03 08:46:06,model=Lenovo PB2-690Y_device=PB2PRO,32.10241537,35.208865,688.0,1,SETUP,7e:ff:30:08:7f:bd,11
2017-12-03 08:37:30,model=SM-G950F_device=dreamlte,32.10246378160256,35.207563401001366,694.129943277534,1,Hoom_2.4,80:37:73:d7:ab:3a,1
2017-12-03 08:38:22,model=SM-G950F_device=dreamlte,32.1044140461797,35.20788087493433,689.9496964638441,1,dlink,84:c9:b2:4a:e7:87,2
2017-12-03 09:09:13,model=Lenovo PB2-690Y_device=PB2PRO,32.10258120582479,35.20997250602207,698.0276205515277,4,Bezeq,84:c9:b2:b7:c8:2d,6
2017-12-03 08:42:29,model=SM-G950F_device=dreamlte,32.1040782037124,35.21069042172931,696.4326713867215,4,Ariel_University,8c:0c:90:2d:34:38,11
2017-12-03 08:41:28,model=SM-G950F_device=dreamlte,32.102850167982155,35.20902322894299,693.2400764409485,5,Ariel_University,8c:0c:90:2d:75:e8,1
2017-12-03 08:51:21,model=SM-G950F_device=dreamlte,32.10366596952206,35.209437850620034,701.5128020711838,15,Ariel_University,8c:0c:90:2e:16:88,11
2017-12-03 08:42:29,model=SM-G950F_device=dreamlte,32.10410891257016,35.21078051716717,699.1792849525281,5,Ariel_University,8c:0c:90:2e:e8:18,6
2017-12-03 08:40:52,model=SM-G950F_device=dreamlte,32.104756095893336,35.20996993134828,699.1416431415803,4,Ariel_University,8c:0c:90:2f:36:58,1
2017-12-03 08:45:36,model=SM-G950F_device=dreamlte,32.10386009727099,35.20889523702908,715.6639357440854,1,Ariel_University,8c:0c:90:2f:ca:18,1
2017-12-03 08:40:46,model=SM-G950F_device=dreamlte,32.10450242754861,35.21095633191016,695.2145993359444,4,Ariel_University,8c:0c:90:2f:d3:d8,11
2017-12-03 08:55:20,model=SM-G950F_device=dreamlte,32.10365769221709,35.20937704116606,700.3187015108125,10, ,8c:0c:90:6e:16:88,11
2017-12-03 08:45:13,model=Lenovo PB2-690Y_device=PB2PRO,32.104693402038414,35.20992463410953,706.1602376340919,2, ,8c:0c:90:6f:36:58,1
2017-12-03 08:45:51,model=Lenovo PB2-690Y_device=PB2PRO,32.10316859783213,35.20879221167606,703.647382162125,2, ,8c:0c:90:ad:75:e3,1
2017-12-03 08:45:36,model=Lenovo PB2-690Y_device=PB2PRO,32.10362843067258,35.2090267906456,706.0768644614175,5, ,8c:0c:90:ae:16:83,11
2017-12-03 08:39:49,model=SM-G950F_device=dreamlte,32.105210120790346,35.21178480914369,692.3377115782242,1, ,8c:0c:90:af:76:53,6
2017-12-03 08:45:36,model=SM-G950F_device=dreamlte,32.10432787109738,35.20944039333655,718.4184377798202,2,CliClap,90:6c:ac:9f:f1:c5,2
2017-12-03 08:45:04,model=Lenovo PB2-690Y_device=PB2PRO,32.10496148329652,35.20995045465803,688.3051953655088,7,Guest,90:6c:ac:9f:fb:1f,1
2017-12-03 08:38:52,model=SM-G950F_device=dreamlte,32.10489300606392,35.20928224839672,690.7435731036957,2,Guest,90:6c:ac:9f:fb:27,36
2017-12-03 08:41:10,model=SM-G950F_device=dreamlte,32.10377266143252,35.209343044339235,694.2855850645743,6,Guest,90:6c:ac:a0:18:29,6
2017-12-03 08:40:52,model=SM-G950F_device=dreamlte,32.10404793522788,35.20944739231495,699.4726586944964,8,Guest,90:6c:ac:a0:3d:eb,3
2017-12-03 08:45:13,model=Lenovo PB2-690Y_device=PB2PRO,32.10462255556327,35.20977542687116,689.1632024869866,3,Guest,90:6c:ac:a0:60:4d,1
2017-12-03 08:53:47,model=SM-G950F_device=dreamlte,32.10465583147739,35.209799109729424,721.9074685803262,1,Guest,90:6c:ac:a0:60:55,36
2017-12-03 08:45:00,model=SM-G950F_device=dreamlte,32.10467546355969,35.2097728238962,695.407674804215,15,EVE,90:6c:ac:a0:7b:4d,11
2017-12-03 08:53:47,model=SM-G950F_device=dreamlte,32.10465583147739,35.209799109729424,721.9074685803262,1,EVE,90:6c:ac:a0:7b:55,52
2017-12-03 08:49:52,model=SM-G950F_device=dreamlte,32.10460374739836,35.209807565289076,701.4256799553584,2,Salomon,90:8d:78:54:6b:4d,1
2017-12-03 08:49:58,model=Lenovo PB2-690Y_device=PB2PRO,32.10473133,35.21000489,687.0,1,HP-Print-2c-LaserJet 400 color,9c:d2:1e:04:e6:2c,6
2017-12-03 08:37:13,model=SM-G950F_device=dreamlte,32.102528187003614,35.20734570155965,700.1622738859833,1,Cellcom-WiFi_0123,a0:4f:d4:3a:a0:e1,11
2017-12-03 08:37:13,model=SM-G950F_device=dreamlte,32.102528187003614,35.20734570155965,700.1622738859833,1,Lidor a,a0:4f:d4:3b:e9:01,6
2017-12-03 08:37:55,model=SM-G950F_device=dreamlte,32.103254567862166,35.20776621667453,690.8153989055744,1,richman,a0:4f:d4:46:a9:e1,11
2017-12-03 08:45:30,model=Lenovo PB2-690Y_device=PB2PRO,32.10386466670456,35.20953819536966,703.0174363324109,6,DIRECT-13-HP DeskJet 3630 series,a0:8c:fd:0a:24:56,6
2017-12-03 08:46:06,model=Lenovo PB2-690Y_device=PB2PRO,32.102204519899615,35.20918571173241,699.2044785582324,9,DIRECT-F4-HP DeskJet 3630 series,a0:8c:fd:0a:d5:f5,6
2017-12-03 08:41:01,model=SM-G950F_device=dreamlte,32.104510237697276,35.20956264842609,690.9289640836059,2,DIRECT-6E-HP DeskJet 3630 series,a0:8c:fd:8c:79:6f,6
2017-12-03 08:49:29,model=Lenovo PB2-690Y_device=PB2PRO,32.10497406,35.2111867,696.0,1,DIRECT-98-HP DeskJet 3630 series,a0:8c:fd:8c:c5:b2,6
2017-12-03 08:37:15,model=SM-G950F_device=dreamlte,32.10251814263996,35.20734901460898,698.9056862429085,1,ear,a0:ab:1b:59:55:54,1
2017-12-03 08:41:53,model=SM-G950F_device=dreamlte,32.10229292992002,35.20922457439484,691.3282147355818,6,036518749,a0:ab:1b:60:b4:ca,8
2017-12-03 08:45:28,model=Lenovo PB2-690Y_device=PB2PRO,32.10435442695987,35.20935854287351,703.3204883399741,2,Guest,a2:6c:ac:9f:f1:c5,2
2017-12-03 08:40:52,model=SM-G950F_device=dreamlte,32.104689840094615,35.20990629425972,695.0442302849592,5,Neuropplied,a2:6c:ac:9f:fb:1f,1
2017-12-03 08:38:52,model=SM-G950F_device=dreamlte,32.104892803076424,35.2092822465669,690.7444350267791,2,Neuropplied,a2:6c:ac:9f:fb:27,36
2017-12-03 08:45:22,model=Lenovo PB2-690Y_device=PB2PRO,32.103666322911735,35.20929375541751,689.7993843417348,4,artsim,a2:6c:ac:a0:18:29,6
2017-12-03 08:49:44,model=Lenovo PB2-690Y_device=PB2PRO,32.10417464008442,35.209537332283105,700.0756329844281,16,giftwizard,a2:6c:ac:a0:3d:eb,3
2017-12-03 08:57:50,model=Lenovo PB2-690Y_device=PB2PRO,32.104295258377164,35.2094596590395,689.2506394148126,3,incentive2,a2:6c:ac:a0:60:4d,1
2017-12-03 08:45:16,model=Lenovo PB2-690Y_device=PB2PRO,32.104568792116325,35.20969930203204,704.3331469531614,2,incentive2,a2:6c:ac:a0:60:55,36
2017-12-03 08:50:23,model=Lenovo PB2-690Y_device=PB2PRO,32.104458294204996,35.20962977999583,693.9297363124713,6,Guest,a2:6c:ac:a0:7b:4d,11
2017-12-03 08:40:55,model=SM-G950F_device=dreamlte,32.10467787135877,35.209813449304924,708.6936298682328,2,Guest,a2:6c:ac:a0:7b:55,52
2017-12-03 08:37:42,model=SM-G950F_device=dreamlte,32.102861507686676,35.2076291986019,691.1036071541976,1,HOTFiber-3C40,a4:08:f5:20:72:6a,1
2017-12-03 08:40:46,model=SM-G950F_device=dreamlte,32.10500248118355,35.210472263787054,692.7188464192927,1,SAMSONIX R500-e-09,ac:83:f3:b2:00:e9,1
2017-12-03 08:37:15,model=SM-G950F_device=dreamlte,32.10251814263996,35.20734901460898,698.9056862429085,1,Knoch,b0:48:7a:a1:80:8c,4
2017-12-03 08:53:38,model=SM-G950F_device=dreamlte,32.10439907437414,35.209501432834735,720.9522612107127,3,paysday,b2:6c:ac:9f:f1:c5,2
2017-12-03 08:45:45,model=SM-G950F_device=dreamlte,32.10465955367501,35.20975562012233,698.1032975678404,8,iagree,b2:6c:ac:9f:fb:1f,1
2017-12-03 08:38:52,model=SM-G950F_device=dreamlte,32.10489300606392,35.20928224839672,690.7435731036957,2,iagree,b2:6c:ac:9f:fb:27,36
2017-12-03 08:57:58,model=Lenovo PB2-690Y_device=PB2PRO,32.103787136097495,35.20911580024808,687.9518351951255,2,restore,b2:6c:ac:a0:18:29,6
2017-12-03 08:45:03,model=SM-G950F_device=dreamlte,32.10402975597329,35.20941640188842,705.242656723783,9,sinusafe,b2:6c:ac:a0:3d:eb,3
2017-12-03 08:39:10,model=SM-G950F_device=dreamlte,32.104613456068634,35.20982404209853,692.542101877315,11,magneto,b2:6c:ac:a0:7b:4d,11
2017-12-03 08:40:55,model=SM-G950F_device=dreamlte,32.10467817424046,35.209813646365646,708.5120395177382,2,magneto,b2:6c:ac:a0:7b:55,52
2017-12-03 08:42:17,model=SM-G950F_device=dreamlte,32.103488096295486,35.209807180370774,699.2249391711212,2,Onicom,c0:4a:00:71:ee:ee,9
2017-12-03 08:58:43,model=Lenovo PB2-690Y_device=PB2PRO,32.10312597,35.20921578,696.5,2,AndroidAP,c0:bd:d1:d5:8c:55,6
2017-12-03 08:40:49,model=SM-G950F_device=dreamlte,32.10452399324053,35.209718000940775,689.6250519377325,5,shapedo,c2:6c:ac:9f:fb:1f,1
2017-12-03 08:38:52,model=SM-G950F_device=dreamlte,32.10489300606392,35.20928224839672,690.7435731036957,2,shapedo,c2:6c:ac:9f:fb:27,36
2017-12-03 08:41:13,model=SM-G950F_device=dreamlte,32.104319357474495,35.209574062129754,694.2442907503998,13,outsense,c2:6c:ac:a0:7b:4d,11
2017-12-03 08:40:55,model=SM-G950F_device=dreamlte,32.10466943236544,35.209824592427005,701.9303296677488,3,outsense,c2:6c:ac:a0:7b:55,52
2017-12-03 08:41:59,model=SM-G950F_device=dreamlte,32.10299577476145,35.21006031758864,694.1064976594662,10,lab_6.1.3,c4:12:f5:f6:a0:18,3
2017-12-03 08:40:52,model=SM-G950F_device=dreamlte,32.10483384066018,35.21004948359021,692.7415284537185,1,mati-sh1,c4:12:f5:fd:6a:74,9
2017-12-03 08:51:42,model=SM-G950F_device=dreamlte,32.10413712623305,35.21082446017363,704.7212452331758,1,Bezeq-N_0777b8,c8:be:19:07:77:b9,11
2017-12-03 08:39:16,model=SM-G950F_device=dreamlte,32.106181954122206,35.21168763894033,689.1981253462078,1,Bezeq-NGN_E77EB9,cc:b2:55:e7:7e:ba,6
2017-12-03 08:37:36,model=SM-G950F_device=dreamlte,32.10263460161589,35.20757686137406,692.0341048029707,1,bezek freeee,cc:fa:00:ae:93:46,6
2017-12-03 08:37:15,model=SM-G950F_device=dreamlte,32.10251814263996,35.20734901460898,698.9056862429085,1,Sveta,d0:0f:6d:f1:35:2f,4
2017-12-03 08:44:58,model=Lenovo PB2-690Y_device=PB2PRO,32.104781919570485,35.20990160437996,692.4515019065194,10,HP-Print-30-Officejet 7610,d0:bf:9c:db:31:30,6
2017-12-03 08:46:24,model=Lenovo PB2-690Y_device=PB2PRO,32.1020859,35.20993739,692.0,1,klyn,d0:d4:12:68:5b:ca,1
2017-12-03 08:55:20,model=SM-G950F_device=dreamlte,32.10322758875065,35.209337612036805,702.8595454707937,5,AUC_4_2_24,d8:5d:4c:9e:69:22,1
2017-12-03 08:37:13,model=SM-G950F_device=dreamlte,32.102528187003614,35.20734570155965,700.1622738859833,1,Moria,d8:fe:e3:03:5a:31,6
2017-12-03 09:01:13,model=Lenovo PB2-690Y_device=PB2PRO,32.10300921,35.2096084,701.0,1,OOP_course,e4:95:6e:40:87:1a,1
2017-12-03 08:38:28,model=SM-G950F_device=dreamlte,32.10473074431384,35.20808401590763,689.6319853475801,1,Aviramf phone,e6:46:da:e4:84:c0,6
2017-12-03 08:46:27,model=Lenovo PB2-690Y_device=PB2PRO,32.10225656,35.21001902,692.0,1,TP-LINK_D59886,e8:94:f6:d5:98:86,9
2017-12-03 08:37:42,model=SM-G950F_device=dreamlte,32.102861507686676,35.2076291986019,691.1036071541976,1,Ariel_University,ec:8c:a2:08:77:48,6
2017-12-03 08:37:58,model=SM-G950F_device=dreamlte,32.103323385092075,35.20778662747971,690.7687922307229,1,Ariel_University,ec:8c:a2:08:78:38,1
2017-12-03 08:37:52,model=SM-G950F_device=dreamlte,32.10317578496331,35.2077533608269,690.8658803245012,1,Ariel_University,ec:8c:a2:08:78:3c,40
2017-12-03 08:54:29,model=SM-G950F_device=dreamlte,32.10310144063956,35.208899442095905,697.7363484137812,16,Ariel_University,ec:8c:a2:08:78:c8,6
2017-12-03 08:46:03,model=SM-G950F_device=dreamlte,32.10333808796899,35.20882402667465,707.7601198658986,13,Ariel_University,ec:8c:a2:08:78:cc,48
2017-12-03 08:45:01,model=Lenovo PB2-690Y_device=PB2PRO,32.10493454942741,35.210993687799785,688.9904963388942,2,Ariel_University,ec:8c:a2:08:79:88,1
2017-12-03 08:40:34,model=SM-G950F_device=dreamlte,32.104697508718836,35.21075809840327,693.515546031181,4,Ariel_University,ec:8c:a2:08:79:a8,6
2017-12-03 08:40:34,model=SM-G950F_device=dreamlte,32.10491909900176,35.21130154968856,693.8682117313015,3,Ariel_University,ec:8c:a2:08:79:ac,36
2017-12-03 08:38:22,model=SM-G950F_device=dreamlte,32.10377787980504,35.20782590179721,690.4274628299759,2,Ariel_University,ec:8c:a2:08:7a:18,1
2017-12-03 08:37:49,model=SM-G950F_device=dreamlte,32.10349661289003,35.207792404900374,690.6301240378522,4,Ariel_University,ec:8c:a2:08:7a:1c,44
2017-12-03 08:38:16,model=SM-G950F_device=dreamlte,32.10395115783471,35.20786377093516,690.3267397654319,1,Ariel_University,ec:8c:a2:08:7b:88,1
2017-12-03 08:37:58,model=SM-G950F_device=dreamlte,32.10367906044158,35.207828224059384,690.5042269400622,4,Ariel_University,ec:8c:a2:08:7b:8c,40
2017-12-03 08:38:07,model=SM-G950F_device=dreamlte,32.1036008123458,35.20781952974852,690.5542770521721,2,Ariel_University,ec:8c:a2:08:90:c8,11
2017-12-03 08:38:04,model=SM-G950F_device=dreamlte,32.10342051137385,35.20780552775216,690.6874448611455,1,Ariel_University,ec:8c:a2:08:90:cc,36
2017-12-03 08:38:25,model=SM-G950F_device=dreamlte,32.10461272357625,35.20792963641949,689.6670161410832,1,Ariel_University,ec:8c:a2:08:92:48,6
2017-12-03 08:38:25,model=SM-G950F_device=dreamlte,32.10461272357625,35.20792963641949,689.6670161410832,1,Ariel_University,ec:8c:a2:08:92:4c,36
2017-12-03 08:54:44,model=SM-G950F_device=dreamlte,32.10304955593124,35.20882608052939,691.9886411634965,17,Ariel_University,ec:8c:a2:08:94:18,1
2017-12-03 08:50:20,model=SM-G950F_device=dreamlte,32.103169737613705,35.208679296320284,703.0997174602142,22,Ariel_University,ec:8c:a2:08:94:1c,44
2017-12-03 08:38:25,model=SM-G950F_device=dreamlte,32.10361868733057,35.20781670936575,690.5070726021237,4,Ariel_University,ec:8c:a2:08:a9:28,11
2017-12-03 08:37:52,model=SM-G950F_device=dreamlte,32.103766485175285,35.20783180358039,690.3776746163047,3,Ariel_University,ec:8c:a2:08:a9:2c,44
2017-12-03 08:37:13,model=SM-G950F_device=dreamlte,32.10276968784859,35.207536172161696,695.1730814282531,2,Ariel_University,ec:8c:a2:08:a9:38,6
2017-12-03 08:37:39,model=SM-G950F_device=dreamlte,32.10294522725105,35.20767327460506,691.0835484362619,2,Ariel_University,ec:8c:a2:08:a9:3c,36
2017-12-03 08:37:18,model=SM-G950F_device=dreamlte,32.10281447386213,35.20758104767403,693.2074095942437,3,Ariel_University,ec:8c:a2:09:03:38,1
2017-12-03 08:38:13,model=SM-G950F_device=dreamlte,32.10310231558724,35.207698037468575,691.9064470832453,2,Ariel_University,ec:8c:a2:09:03:3c,44
2017-12-03 08:38:04,model=SM-G950F_device=dreamlte,32.10342051137385,35.20780552775216,690.6874448611455,1,Ariel_University,ec:8c:a2:09:0c:c8,1
2017-12-03 08:37:52,model=SM-G950F_device=dreamlte,32.10321891949164,35.2077603995489,690.8382411765818,2,Ariel_University,ec:8c:a2:09:0c:cc,44
2017-12-03 08:37:58,model=SM-G950F_device=dreamlte,32.103323385092075,35.20778662747971,690.7687922307229,1,Ariel_University,ec:8c:a2:09:86:d8,6
2017-12-03 08:38:10,model=SM-G950F_device=dreamlte,32.10353355128237,35.20781291804855,690.5795129917332,1,Ariel_University,ec:8c:a2:09:8c:38,1
2017-12-03 08:38:10,model=SM-G950F_device=dreamlte,32.10353355128237,35.20781291804855,690.5795129917332,1,Ariel_University,ec:8c:a2:09:8c:3c,44
2017-12-03 08:37:45,model=SM-G950F_device=dreamlte,32.10297429619621,35.20769754582129,690.9460551220589,1,Ariel_University,ec:8c:a2:09:93:b8,11
2017-12-03 08:38:13,model=SM-G950F_device=dreamlte,32.10371440835981,35.2078263595938,690.4758805974767,1,Ariel_University,ec:8c:a2:0a:08:b8,6
2017-12-03 08:37:55,model=SM-G950F_device=dreamlte,32.103254567862166,35.20776621667453,690.8153989055744,1,Ariel_University,ec:8c:a2:26:ae:28,11
2017-12-03 08:37:58,model=SM-G950F_device=dreamlte,32.103323385092075,35.20778662747971,690.7687922307229,1,Ariel_University,ec:8c:a2:26:b0:58,6
2017-12-03 08:45:30,model=Lenovo PB2-690Y_device=PB2PRO,32.10376808663587,35.20892585738781,690.629091549149,5,Ariel_University,ec:8c:a2:26:b0:e8,6
2017-12-03 08:46:52,model=Lenovo PB2-690Y_device=PB2PRO,32.102621229522384,35.209164354321125,699.8794995795326,10,Ariel_University,ec:8c:a2:26:b1:78,1
2017-12-03 08:38:28,model=SM-G950F_device=dreamlte,32.10463137629941,35.20888730350134,690.5715158623818,4,Ariel_University,ec:8c:a2:26:d2:c8,11
2017-12-03 08:41:28,model=SM-G950F_device=dreamlte,32.10407006714004,35.209123634114526,696.8487357618994,9,Ariel_University,ec:8c:a2:26:d3:68,11
2017-12-03 08:37:58,model=SM-G950F_device=dreamlte,32.103323385092075,35.20778662747971,690.7687922307229,1, ,ec:8c:a2:88:78:37,40
2017-12-03 08:41:28,model=SM-G950F_device=dreamlte,32.103218438334075,35.20895591989746,694.2303369819643,4, ,ec:8c:a2:88:78:c7,48
2017-12-03 08:42:59,model=SM-G950F_device=dreamlte,32.10490479074945,35.211247446727874,697.4311692397619,1, ,ec:8c:a2:88:79:a7,36
2017-12-03 08:38:22,model=SM-G950F_device=dreamlte,32.10375939005184,35.207824304039484,690.4413487921157,2, ,ec:8c:a2:88:7a:17,44
2017-12-03 08:38:28,model=SM-G950F_device=dreamlte,32.10392178055328,35.207895366225024,690.2937519226789,3, ,ec:8c:a2:88:7b:87,40
2017-12-03 08:50:48,model=SM-G950F_device=dreamlte,32.102979640618635,35.20863487970208,700.723144385251,10, ,ec:8c:a2:88:94:17,44
2017-12-03 08:38:22,model=SM-G950F_device=dreamlte,32.10377986390148,35.207818162044134,690.4231966047739,2, ,ec:8c:a2:88:a9:27,44
2017-12-03 08:37:55,model=SM-G950F_device=dreamlte,32.103254567862166,35.20776621667453,690.8153989055744,1, ,ec:8c:a2:88:a9:37,36
2017-12-03 08:38:13,model=SM-G950F_device=dreamlte,32.10309570760303,35.20769665213842,691.9218910832049,2, ,ec:8c:a2:89:03:37,44
2017-12-03 08:38:04,model=SM-G950F_device=dreamlte,32.10342051137385,35.20780552775216,690.6874448611455,1, ,ec:8c:a2:89:0c:c7,44
2017-12-03 08:38:13,model=SM-G950F_device=dreamlte,32.10371440835981,35.2078263595938,690.4758805974767,1, ,ec:8c:a2:89:8c:37,44
2017-12-03 08:37:27,model=SM-G950F_device=dreamlte,32.10280900493249,35.208211488627946,697.7819011513628,4,SGH-I337M,ec:9b:f3:26:ab:3a,6
2017-12-03 08:38:28,model=SM-G950F_device=dreamlte,32.10473074431384,35.20808401590763,689.6319853475801,1,Ariel_University,f0:b0:52:3e:d6:f8,11
2017-12-03 08:38:58,model=SM-G950F_device=dreamlte,32.10572050842588,35.2097599664662,688.5550300637956,1,Orange G2_4113,f8:a9:d0:66:06:4d,6
2017-12-03 08:57:58,model=Lenovo PB2-690Y_device=PB2PRO,32.102953009977234,35.20876530432934,690.5352011665425,5,HelpDesk,f8:d1:11:77:77:c6,4
2017-12-03 08:39:19,model=SM-G950F_device=dreamlte,32.106211489963755,35.21194838735254,689.2763252871639,1,Police_Shomron ,f8:e7:1e:33:87:38,1
2017-12-03 08:39:28,model=SM-G950F_device=dreamlte,32.10578181130056,35.21207187967583,690.5323471428377,1,Police_Shomron ,f8:e7:1e:33:87:3c,36
2017-12-03 08:38:52,model=SM-G950F_device=dreamlte,32.10477209848867,35.20959198198432,689.4143706947036,3,ShapeDo,f8:e9:03:12:ef:3b,6
2017-12-03 08:40:58,model=SM-G950F_device=dreamlte,32.10456801210062,35.209679316065845,689.8684136221324,2,ShapeDo-5GHz,f8:e9:03:12:ef:3c,60
2017-12-03 08:46:13,model=SM-G950F_device=dreamlte,32.10206173176159,35.20947285980674,700.4320999806323,2,DIRECT-5C-HP DeskJet 3630 series,fc:3f:db:9c:36:3d,6
